,Frutas,Precio Frutas,Verdura,Precio Verduras,Lacteos,Precio Lacteos,Carne,Precio Carnes,Enlatados ,Precio Enlatados
0,Limón sin Semilla por Kg,24.9,Alcachofa Microwave 59g,144.9,Leche Alpura Clásica Pasteurizada 1L,20.4,Bistec Pulpa Negra Res por kg,144.0,Chilitos Gueritos La Norteña Pouch 230g,21.0
1,Plátano Chiapas por Kg,24.9,Esparrago Verde 454g,79.9,Frutal Fresa Alpura 250ml,7.5,Bistec Pulpa Blanca de Res kg,144.0,Chiles Serranos La Costeña Enteros en Escabeche 800g,36.9
2,Limón Eureka 1kg,54.9,Tomate Cherry Glorys NatureSweet 283g,37.9,Frutal Durazno Alpura 250ml,7.5,Pechuga de Pollo sin Hueso Congelado por Kg,64.9,Chiles Habaneros Salsas Doña Jose en Escabeche 300g.,95.0
3,Limade Chiche por Kg,44.0,Jitomate Hidrocool Cherry 380g,32.9,Frutal Piña-Coco Alpura 250ml,7.5,Arrachera Sukarne de Res 600g,162.0,Chiles Cary Nachos de Jalapeño en Escabeche 800g,26.3
4,Naranja Paramount 1kg,58.5,Tomates Constellation NatureSweet 467g,69.9,Yoghurt Alpura Batido Fresa 125g,5.1,Arrachera Ligera Sukarne de Res 600g,129.0,Chiles Nachos Jalapeños La Costeña Rodajas 380g,20.0
5,Naranja de Jugo por Kg,14.9,Tomate Uva Cherubs NatureSweet 283g,37.9,Yoghurt Alpura Batido Durazno 125g,5.1,Milanesa de Res por kg,144.0,Chicharrón de Chile Don Chacho Jalapeño 140 g,104.0
6,Toronja por Kg,16.9,Aguacate Hass Enmallado pz,23.0,Yoghurt Alpura Batido Mango 125g,5.1,Pierna Congelada con Hueso Cerdo por kg,62.0,Chiles Jalapeños La Costeña Picados 220g,12.8
7,Limón Colima por Kg,32.9,Cebolla Perla Roja 10 283.4g,57.0,Yoghurt Alpura Batido Manzana 125g,5.1,Pechuga Corte Americano de Pollo Congelado por  Kg,52.9,Jalapeños Nachos La Morena  210g,8.9
8,Mandarina por Kg,24.9,Cebolla Perla Blanca 283.4g,57.0,Yoghurt Alpura Batido Zarzamora 125g,5.1,Cecina Enchilada Frontera 480g,88.0,Chiles Jalapeños La Costeña Picados 105g,7.95
9,Naranja Arpilla5Kg,57.5,Cebolla Perla Dorada 283.4g,57.0,Yoghurt Alpura Batido Frutos del Bosque 125g,5.1,Arrachera Marinada Frontera 480g,168.0,Chicharrón de Chile Don Chacho Serrano 140 g,104.0
10,Pera Mantequilla por Kg,54.9,Aguacate Chiapas por Kg,39.9,Yoghurt Alpura Batido Piña-Coco 125g,5.1,Hamburguesa Home Style Frontera 500g,72.0,Jalapeños San Marcos Picados 380g,21.5
11,Durazno Rojo por Kg,79.9,Papa Blanca  por kg,39.9,Yoghurt Alpura Batido Natural 125g,4.7,Cecina Extrafina Frontera 480g,144.0,Chiles Nachos Jalapeños La Costeña Rodajas 800g,31.5
12,Ciruela 1kg,79.9,Tomate Bolapor kg,29.9,Yoghurt Alpura Batido Guayaba 125g,5.1,Chorizo para Asar Frontera 370g,39.0,Chiles Nachos Jalapeños La Costeña Rodajas 220g,11.5
13,Nectarina por Kg,64.9,Papa Cambray por kg,32.9,Leche UHT Lala Yomi Vainilla 1L,23.5,Longaniza Frontera 500g,49.0,Chicharrón de Chile Don Chacho Habanero 140 g,104.0
14,Pera Bosc por Kg,54.9,Aguacate Hass por Kg,39.9,Leche UHT Lala Yomi Fresa Slim 190 ml,5.0,Filetes de Pescado Sierra Madre  Mahi Mahi 500g,220.42,Chiles El Mexicano Jalapeños en Nachos 380g,14.9
15,Pera Asiática por Kg,62.9,Tomatillo por kg,43.0,Leche UHT Lala Yomi Vainilla Slim 190 ml,5.0,Arrachera Natural Cerdo Nutrí Carne 450g,41.9,Chiles Jalapeños La Costeña Picados 380g,23.9
16,Kiwipor Kg,79.9,CebollínPieza,11.0,Leche UHT Lala Yomi Choco 1L,23.5,Arrachera Marinada Sta Rita Res por kg,247.0,Chiles Cary Nachos de Jalapeño en Escabeche 380g,17.35
17,Durazno Amarillo por Kg,75.0,Cebolla de Cambray por Pieza,9.9,Café con Lala UHT Deslactosado Slim 1L,27.0,Rib Eye Res Sonora Rancho el 17 por kg,559.0,Chiles Carey Rajas Verdes de Jalapeño en Escabeche 380g,12.9
18,Pera Roja Kg,64.9,Cebolla Amarillapor kg,29.9,Leche UHT Lala Yomi Chocolate 3 Pack Slim 190 ml,18.9,Fajita Tipo Arrachera Marín Res Diablo por kg,99.9,Chiles El Mexicano Jalapeños en Rajas 800g,29.5
19,Pera Bartlett 1kg,54.9,Cebolla de Rabo por kg,32.0,Café con Lala UHT Deslactosada 330g,15.5,Tira de Res Diezmillo Asado Sonora Rancho por kg,284.0,Rajas San Marcos Verdes 380g,15.0
20,Ciruela Moscatel Kg,53.0,Tomate Saladet por kg,12.5,Leche UHT Lala Deslactosada Semi 6 Pack de 1L,115.0,Fajitas Estilo Arrachera Practichef 430g,90.0,Chiles El Mexicano Jalapeños en Rajas 340g,15.7
21,Pera Forelle Kg,134.7,Cebolla Blanca por kg,19.9,Leche UHT Lala 100 Cacao Deslactosado 330ml,16.3,T-Bone Res Sonora Rancho el 17 por kg,339.0,Chiles Carey Rajas Verdes de Jalapeño en Escabeche 800g,25.9
22,Cereza Domo 250g,74.9,Cebolla Morada por kg,32.9,Leche UHT Lala 100 sin lactosa Fresa 330ml,16.3,Arrachera Marinada Nueva España 500g,112.0,Rajas San Marcos verdes 120g,6.5
23,Manzana Royal Gala 1kg,36.9,Tomate Verde por kg,23.5,Alimento Líquido Lala Vita UHT Proteína 330ml,21.5,Bistec de Res Sonora Rancho el 17 por kg,229.0,Chiles Clemente Jacques Jalapeños Rajas 380g,10.0
24,Manzana Granny Smithpor Kg,49.9,Bouquet Hierbas Finas frescas Tiempo de Cosecha 50g,22.9,Leche UHT Lala Orgánica Entera 1L,29.5,Fajitas de Arrachera Marinada PractiRico 500g,117.0,Rajas Rojas La Morena  210g,11.5
25,Manzana Golden Medianapor Kg,39.9,Hinojo fresco Tiempo de Cosecha 50g,22.9,Alimento Líquido Lala Vita Almendra 960ml,36.3,Arrachera Marinada Res Diablo por kg,149.0,Rajas Verdes La Morena  2800g,99.8
26,Manzana Roja Medianapor Kg,39.9,Alfalfa fresca Tiempo de Cosecha 50g,22.9,Leche Lala 100 Reducida en Grasa 1L,26.25,New York Res Sonora Rancho el 17por kg,429.0,Chiles Carey Rajas Verdes de Jalapeño en Escabeche 215g,8.0
27,Manzana Beaburn por kg,67.9,Cilantro fresco Tiempo de Cosecha 50g,19.9,Leche UHT Siluette Plus Deslactosada 960 ml,24.0,Sirloin Res Sonora Rancho el 17 por kg,299.0,Chiles El Mexicano Jalapeños en Rajas 220g,10.0
28,Manzana Jonagoldpor Kg,62.9,Albahaca morada fresca Tiempo de Cosecha50g,22.9,Leche UHT Lala Entera 1.5 L,28.7,Arrachera Mezquite Sukarne de Res 600g,129.0,Chiles Jalapeños La Costeña en Rajas 800g,26.5
29,Manzana Royal Gala por Kg,49.9,Cebollín fresco Tiempo de Cosecha 50g,22.9,Leche UHT Lala 100 Deslactosada 1L,26.5,Arrachera Texana Sukarne Res Kg,279.0,Chiles Jalapeños La Costeña en Rajas 105g,6.9
30,Manzana Golden Chica Bolsa por Kg,34.9,Orégano fresco Tiempo de Cosecha 50g,22.9,Leche Fresca Lala Entera 1L,20.5,Arrachera Gusi Marinada 600g,154.0,Chiles La Costeña Rajas Rojas de Jalapeño 220g,12.5
31,Manzana Roja Chica Bolsa por Kg,34.9,Arúgula fresca Tiempo de Cosecha 50g,22.9,Leche Fresca Lala Entera 1.80L,33.5,Arrachera Venado Orgánica Indomitus 500g,287.0,Rajas Verdes La Morena 265g,13.55
32,Manzana Puré Harvest Golden 600g,18.9,Epazote fresco Tiempo de Cosecha 50g,22.9,Leche Lala 100 Deslactosada 1L,26.5,Arrachera Jabali Organica Indomitus 500g,279.0,Chiles Jalapeños La Costeña en Rajas 340g,15.0
33,Fresa Pieza,69.9,Bouquet Provence fresco Tiempo de Cosecha 50g,22.9,Leche Fresca Lala Entera 1L,20.5,Carpaccio Sierra Madre  de Pulpo 100g,149.0,Chiles Selecto Brand Jalapeños en Rajas 220g,7.9
34,Uva GloboEmperador por kg,65.0,Menta Infusiónate 45g,19.9,Leche Fresca Lala Entera 1 Galón,67.0,Filete de Pescado Sierra Madre Natural 1 Kilo,226.0,Rajas Verdes La Morena  380g,18.9
35,Uva Negra sin Semilla 1kg,89.9,Árnica Infusiónate 40g,19.9,Leche Lala Orgánica Pasteurizada 1L,27.0,Filete de Pescado Sierra Madre Natural 400g,72.0,Chiles Clemente Jacques Jalapeños Rajas 220g,7.5
36,Uva Sweet Carnival Clam 454g,53.0,Té de Limón fresco Tiempo de Cosecha 50g,22.9,Leche Lala 100 Fresca sin Lactosa Light 1L,26.5,Salmón Sierra Madre Adrerezo Italiano 900g,449.0,Rajas San Marcos verdes 255g,10.8
37,Uva Roja sin Semilla por Kg,65.0,Perejil fresco Tiempo de Cosecha 50g,19.9,Leche Lala 100 Fresca Semidescremada 1L,27.5,Filete de Pescado Sierra Madre Guajillo 500g,104.0,Chiles Jalapeños La Costeña en Rajas 240g,11.85
38,Blue Berry Pieza,37.9,Ruda fresca Tiempo de Cosecha 50g,22.9,Leche Lala 100 Semidescremada 330ml,12.2,Carpaccio Sierra Madre  de Atún 100g,99.0,Chiles Serranos La Costeña Enteros en Escabeche 220g,11.5
39,ZarzamoraPieza,36.9,Yerbabuena fresca Tiempo de Cosecha 50g,22.9,Leche Fresca Lala Deslactosada Semi 1L,22.0,Filete de Pescado Sierra Madre Barbero Natural 500g,94.9,Chiles Clemente Jacques Habaneros Rodajas Gourmet 220g,25.0
40,Frambuesa Domo 170g,38.9,Estragón fresco Tiempo de Cosecha 50g,22.9,Leche Fresca Lala Deslactosada 2% 1.80L,33.5,Filete de Pescado Sierra Madre Lenguado 1 Kilo,349.0,Chiles Serranos La Costeña Toreados en Rodajas 220g,14.9
41,Uva Verde 1kg,65.0,Bouquet Garni frescas Tiempo de Cosecha 50g,22.9,Leche Fresca Lala Deslactosada Semi 1.80 L,36.9,Filete de Pescado Sierra Madre Pimienta Limón 500g,104.0,Zanahoria La Costeña en Escabeche 230g,9.2
42,Coco por Pieza,19.3,Romero fresco Tiempo de Cosecha 50g,22.9,Leche Fresca Lala Light Baja Grasa 1.80L,33.5,Salmón Sierra Madre Adrerezo Alabahaca 900g,449.0,Chiles Clemente Jacques Habaneros Molidos 220g,21.0
43,Plátano Macho por Kg,25.0,Chícharo Fresh Garden Chino 365g,45.9,Leche Lala 100 Fresca Light 1L,27.5,Filete de Pescado Sierra Madrea Ajillo 500g,104.0,Chiles Serranos La Costeña Toreados 220g,16.9
44,Sandia Blanca Rayadapor Kg,14.9,Boldo Infusiónate 60g,26.9,Leche Fresca Lala Light Baja en Grasa 1L,19.0,Filete de Pescado Sierra Madre Blanco Empanizado 500g,149.0,Chiles Rellenos Picadillo La Morena  380g,36.5
45,Plátano Dominico por Kg,36.8,Tomillo fresco Tiempo de Cosecha 50g,22.9,Leche Lala 100 Fresca sin Lactosa Semi 1L,26.5,Mejillones Azules Orgánicos Sierra Madre al Thai Curry   453.50g,267.0,Zanahorias en Escabeche Del Monte 390g,16.0
46,Sandia Personal Kg,20.5,Salvia fresca Tiempo de Cosecha 50g,22.9,Leche Fresca Lala Light Baja Grasa 1 Galón,67.0,Costilla Adobo Viba de Res 650g,106.0,Chiles Güeros Lol Tun Carricillos 350 gr,15.0
47,Papaya Maradolpor kg,26.9,Flor de Calabazapor kg,102.0,Leche Fresca Lala Light Baja en Grasa 1L,20.5,Costilla Grill Viba de Res 650g,106.0,Chiles Rellenos Queso La Morena  380g,27.0
48,Piña Gota Mielpor Kg,22.9,Verdolaga por kg,25.2,Leche UHT Lala Yomi Fresa 1L,23.5,Salmón Sierra Madre Parmesano 500g,274.84,Chiles Chipotles La Costeña Adobados 220g,22.0
49,Melón Amarillopor Kg,19.2,Col Bruselas por kg,63.8,Leche UHT Lala Yomi Chocolate Slim 190 ml,5.0,Molida sin Res Plant Squad 456g,170.9,Chiles Jalapeños Rojos La Costeña Toreados en Rodajas 220g,15.0
50,Guayaba por Kg,31.0,Raíz de Azafrán por kg,39.3,Leche UHT Lala Deslactosada Baja en Grasa 6 Pack de 1L,115.0,Hamburguesa sin Res Plant Squad 227g,99.0,Jalapeños Hab Tun Escabeche Fsc 238Gr,20.5
51,Melón Chino por Kg,24.9,Jengibrepor kg,109.0,Leche UHT Lala Baja en Grasa 6 Pack de 1L,114.0,Hamburguesa de Betabel Plant Squad 360g,99.0,Chiles Jalapeños La Costeña Enteros 780g,24.5
52,Zanahoria Baby Mixta 340g,64.9,Jícama por Kg,24.9,Leche Lala 100 Semidescremada 1L,25.45,Ribs BBQ de Seitan Plant Squad 360g,99.0,Chiles El Mexicano Jalapeños Enteros 220g,8.0
53,Ponche de Frutas Bolsa  200g,42.4,Colinabo Rollo,19.33,Leche UHT Lala 100 sin lactosa Vainilla 330ml,16.3,Milanesa de Seitan Plant Squad 360g,99.0,Chiles El Mexicano Jalapeños Enteros 780g,25.2
54,Chimichurri Tiempo de Cosecha 180g,39.9,Poro Pieza,21.3,Alimento Líquido Lala Vita 3Nueces 960ml,36.3,Arrachera Natural de Res por kg,224.0,Jalapeños San Marcos Enteros 380g,11.5
55,Arándanos y Almendras Glaseadas Fresh Gourmet Topping para Ensalada 99g,56.5,Chalot Granel Kg,141.0,Leche Lala 100 sin Lactosa 1L,25.15,Medallones Sierra Madre de Atún 500g,199.0,Chiles Jalapeños La Costeña Enteros 240g,16.35
56,Betabel Crujiente Fresh Gourmet Topping para Ensalada 99g,38.1,Rábano Cambray Pieza,13.9,Leche UHT Lala Deslactosada Baja en Grasa 1.5L,30.3,Huevo San Juan Blanco 30 Piezas,67.0,Chiles Carey Jalapeños Enteros en Escabeche 380g,10.5
57,Aderezo Cebollín Tiempo de Cosecha 250g,44.9,Hoja Santa Rollo,12.0,Alimento Líquido Lala Vita Amarant 960ml,36.3,Molida de Res por kg,95.0,Jalapeños San Marcos Enteros 780g,23.5
58,Calabaza Baby Estrella Amarilla 340g,64.9,Huazontle Rollo,19.0,Leche UHT Lala Semi Deslactosada  1.5L,30.5,Milanesa de Pollo kg,147.5,Jalapeño La Morena 800g,28.0
59,Arándanos y Nueces Glaseadas Fresh Gourmet Topping para Ensalada 99g,58.5,Manzanilla Rollo,13.6,Leche Lala 100 sin Lactosa 1L,25.15,Pechuga de Pollo sin Hueso por kg,122.0,Chiles Carey Jalapeños Enteros en Escabeche 215g,6.5
60,Jalapeños Crujientes Fresh Gourmet Topping para Ensalada 99g,38.1,ElotePieza,7.9,Alimento Líquido Lala Vita Coco 960 ml,36.3,Filete de Salmón Pacifico por kg,349.0,Chiles Jalapeños La Costeña Enteros 340g,14.9
61,Pimientos Martinez y Sons Dulces 171g,64.9,Coliflor Pre Enfriada Pieza,35.4,Leche Lala Orgánica Deslactosada UHT 1L,30.0,Huevo Bachoco Blanco 30 Piezas,70.0,Jalapeño La Morena 380g,13.5
62,Aderezo Arúgula Tiempo de Cosecha 250g,44.9,Acelgas Rollo,9.0,Alimento Líquido Lala Vita Arroz 960ml,36.3,Molida Selecta de Res kg,146.0,Chiles El Mexicano Jalapeños Enteros 340g,13.5
63,Aderezo Albahaca verde Tiempo de Cosecha 250g,44.9,Hierbas de OlorPieza,9.5,Alimento Liquido Lala Vita UHT Chocolate 330ml,16.0,Filete de Tilapia por Kg,114.0,Jalapeños La Morena 265g,11.5
64,Alioli Cebollín Tiempo de Cosecha 190g,49.9,Hierba Buena Rollo,7.9,Leche UHT Lala Light 1 L,20.35,Molida fina de Res 95/5 kg,172.0,Chiles Clemente Jacques Jalapeños Enteros 380g,10.0
65,Aderezo Vegetalistos Aguacate Habanero 254g,49.9,Té de Limón Manojo por Pieza,5.2,Leche UHT Lala Entera 1L,20.3,Milanesa Pulpa Negra de Res kg,189.0,Jalapeños San Marcos Enteros 255g,8.5
66,Tomate Mixto Heirloom 283g,34.9,Perejil Liso Rollo,9.9,Leche UHT Lala Semidescremada 1L,20.3,Milanesa Bola de Res kg,184.0,Chiles Carey Jalapeños Enteros en Escabeche 780g,23.0
67,Calabaza Baby Italian 340g,64.9,Berros Rollo,17.9,Leche UHT Lala Semidescremada 6  Pack de 1 L,114.0,Milanesa de Cerdo kg,96.0,Chiles Selecto Brand Jalapeños Enteros 340g,11.9
68,Aderezo Eneldo Tiempo de Cosecha 250g,44.9,Espinacas Rollo,8.5,Leche UHT Lala Entera 6 Pack de 1 L,114.0,Huevos Blancos Chedraui 30 Piezas,61.0,Nachos Jalapeño Buen Origen Orgánicos Oval 440g,39.5
69,Calabaza Baby Estrella Verde 340g,34.9,Perejil Chino Rollo,13.0,Producto Lácteo Marsella Deslactosada 1L,15.7,Pechuga Corte Americano de Pollo kg,65.0,Rajas Jalapeño Buen Origen Orgánicas Oval 440g,39.5
70,Caña por Kg,21.0,Epazote Rollo,13.0,Producto Lácteo UHT Más Entera 3 Piezas,39.55,Huevo Blanco El Calvario 30 Piezas,67.0,2 Pack Chipotle San Marcos,19.9
